{
  "id" : "AKbCc8KpXGSMwTI5M3vYIBk",
  "timestamp" : "2025-10-29T10:06:46.611Z[UTC]",
  "appAppleId" : 6754564520,
  "cfBundleShortVersion" : "1.0.6",
  "cfBundleVersion" : "9",
  "deviceModel" : "iPhone13,2",
  "osVersion" : "26.0.1",
  "locale" : "fr-US",
  "carrier" : null,
  "timezone" : "Africa/Casablanca",
  "architecture" : "arm64e",
  "connectionStatus" : "WI_FI",
  "pairedAppleWatch" : "",
  "appUptimeMillis" : null,
  "availableDiskBytes" : 8147623936,
  "totalDiskBytes" : 63870980096,
  "networkType" : null,
  "batteryPercentage" : 60,
  "screenWidth" : 390,
  "screenHeight" : 844,
  "emailAddress" : "mah.baye@icloud.com",
  "comment" : "Cracher "
}